{
    "附屬建物面積": -0.4384519028208025,
    "土地面積": -1.619755431902116,
    "總建物面積": -4.07533724332122,
    "建物面積": -1.909259176742908,
    "主建物面積": -2.0703402100274144,
    "陽台面積": -1.6420771089734696,
    "車位面積": -0.8193256863726953
}