city,mean
南投縣,204205.05845463995
台中市,276999.36010250455
台北市,747811.646431728
台南市,217990.91603017636
台東縣,171018.550678827
嘉義市,199865.1266525941
嘉義縣,154320.79019779302
基隆市,202166.34275641514
宜蘭縣,217616.54780661626
屏東縣,164278.87444253886
彰化縣,209649.0035931378
新北市,405085.7592390188
新竹市,298834.17583368305
新竹縣,265028.2441272877
桃園市,251535.51565586278
澎湖縣,182137.2318670589
花蓮縣,206775.70001790143
苗栗縣,181484.180875063
連江縣,66115.8
金門縣,217762.9967507575
雲林縣,156647.35648884476
高雄市,235475.1441594516
