{
    "華廈(10層含以下有電梯)": 1.0603229045457605,
    "住宅大樓(11層含以上有電梯)": 1.0517494358267774,
    "公寓(5樓含以下無電梯)": 1.036441098945812,
    "透天厝": 0.979422811663465
}