{
    "鋼骨造": 1.3396887281766898,
    "其他": 1.163390793488199,
    "加強磚造": 1.1357733265176284,
    "磚造": 1.084353194822108,
    "鋼筋混凝土造": 1.0359122934008538,
    "鋼筋混凝土加強磚造": 0.6984246792813056
}