{
    "台北市": 1.4537741564631839,
    "新北市": 1.076333063888885,
    "新竹縣": 1.0228381658472236,
    "新竹市": 0.9631426451565893,
    "台中市": 0.8939118608347217,
    "桃園市": 0.8332968895628017,
    "高雄市": 0.8032989226986369,
    "台南市": 0.7812813203570045,
    "金門縣": 0.7715214360179032,
    "宜蘭縣": 0.7316670118843933,
    "苗栗縣": 0.7244082593347657,
    "花蓮縣": 0.7138036259444918,
    "基隆市": 0.702993784601112,
    "彰化縣": 0.6538024030063887,
    "嘉義市": 0.5956879141611081,
    "嘉義縣": 0.5878351186954333,
    "屏東縣": 0.5808815261202697,
    "雲林縣": 0.42256319289149447
}