{
    "台北市大安區": 1.687484957791408,
    "台北市松山區": 1.5540795929142166,
    "台北市中正區": 1.5533936434005373,
    "台北市信義區": 1.5192741342003848,
    "台北市中山區": 1.5050559593144253,
    "台北市南港區": 1.4521251939690252,
    "台北市內湖區": 1.3892780271354712,
    "台北市大同區": 1.3651953764368596,
    "台北市士林區": 1.3503910700083177,
    "台北市文山區": 1.2673256123327092,
    "台北市北投區": 1.2621657590273063,
    "台北市萬華區": 1.2463958632306071,
    "新北市永和區": 1.2358359087156985,
    "新北市板橋區": 1.1871765088744517,
    "新北市中和區": 1.1533384899280854,
    "新北市新店區": 1.1453466734426145,
    "新北市三重區": 1.1230045197857128,
    "新竹縣竹北市": 1.096320535279938,
    "新北市新莊區": 1.0880303245849305,
    "新北市蘆洲區": 1.078558736287373,
    "新北市土城區": 1.064330097799141,
    "新北市汐止區": 1.0442337666449555,
    "新北市林口區": 1.0251004096897227,
    "新北市三峽區": 0.9718170733304543,
    "台中市西屯區": 0.9634095703153913,
    "新竹市新竹市": 0.9631426451565893,
    "台中市南屯區": 0.9624855468580675,
    "新北市樹林區": 0.9607354168907303,
    "新北市泰山區": 0.9491712180885229,
    "台中市東區": 0.9287253219439116,
    "宜蘭縣頭城鎮": 0.9280218089475103,
    "新北市五股區": 0.9152098408951891,
    "新北市深坑區": 0.9112727408641831,
    "高雄市鼓山區": 0.9024726166941264,
    "台中市西區": 0.896084643268241,
    "台南市新市區": 0.8949862932314111,
    "桃園市大園區": 0.8876082569749811,
    "台中市北屯區": 0.8840411019245284,
    "桃園市蘆竹區": 0.8825218116796122,
    "高雄市鳥松區": 0.8821025981183171,
    "台中市烏日區": 0.8769227508064984,
    "新北市淡水區": 0.8736121991776875,
    "桃園市桃園區": 0.8631230629209866,
    "台中市大肚區": 0.8537921365876764,
    "高雄市左營區": 0.8427365909829901,
    "金門縣金城鎮": 0.8407620214126894,
    "台南市善化區": 0.8407421920558803,
    "台中市北區": 0.8387892720660103,
    "新北市八里區": 0.8345953798057678,
    "桃園市中壢區": 0.8295808230575659,
    "台南市仁德區": 0.827116697609567,
    "台中市太平區": 0.8269140516695301,
    "高雄市仁武區": 0.8248178786293834,
    "新竹縣寶山鄉": 0.8234154368853476,
    "台南市北區": 0.8227057373792741,
    "桃園市龜山區": 0.821170901711955,
    "台中市豐原區": 0.8205489740294144,
    "台中市潭子區": 0.8160846936194363,
    "高雄市橋頭區": 0.8156814039365967,
    "台中市南區": 0.8147493579611331,
    "桃園市八德區": 0.8115466828370258,
    "台南市中西區": 0.810728133597644,
    "新北市鶯歌區": 0.8087702271409223,
    "台中市大里區": 0.7983281440184375,
    "宜蘭縣礁溪鄉": 0.7943513173890012,
    "台南市歸仁區": 0.7920870074159987,
    "高雄市前金區": 0.7920351051661918,
    "高雄市前鎮區": 0.79173029999672,
    "高雄市新興區": 0.789481853088551,
    "台南市安平區": 0.7778853302913478,
    "金門縣金湖鎮": 0.7748966420763075,
    "高雄市苓雅區": 0.7746154787648417,
    "台中市大雅區": 0.7707998213741087,
    "台南市東區": 0.7676502595699888,
    "高雄市三民區": 0.7622341582210951,
    "高雄市楠梓區": 0.7616994806129631,
    "基隆市仁愛區": 0.7614328924259887,
    "台南市永康區": 0.7607868205357002,
    "台南市安南區": 0.7565724456747801,
    "新竹縣竹東鎮": 0.7561491197469222,
    "桃園市平鎮區": 0.751576432372081,
    "台南市南區": 0.7509306380612336,
    "新竹縣新豐鄉": 0.7422283021505217,
    "宜蘭縣宜蘭市": 0.7361427871048792,
    "高雄市鹽埕區": 0.7328082492965988,
    "基隆市安樂區": 0.731382709570884,
    "高雄市鳳山區": 0.7308740217343552,
    "桃園市龍潭區": 0.730426792019127,
    "花蓮縣吉安鄉": 0.7263224982400153,
    "苗栗縣頭份市": 0.7254801251850215,
    "台中市龍井區": 0.7252946366094241,
    "苗栗縣竹南鎮": 0.7232853522535454,
    "基隆市七堵區": 0.7193225249516262,
    "彰化縣員林市": 0.7150187443449321,
    "花蓮縣花蓮市": 0.7126655466448987,
    "桃園市大溪區": 0.7085078276307263,
    "基隆市信義區": 0.7019725273878616,
    "金門縣金寧鄉": 0.6997429093885035,
    "基隆市暖暖區": 0.6925295327770129,
    "嘉義縣朴子市": 0.6917438954202576,
    "桃園市觀音區": 0.6916980451863317,
    "宜蘭縣羅東鎮": 0.6892747958117705,
    "新竹縣新埔鎮": 0.6844927294112468,
    "宜蘭縣五結鄉": 0.683820643793892,
    "新竹縣湖口鄉": 0.6818966555499125,
    "台中市清水區": 0.6799467845023635,
    "新北市金山區": 0.6787588773525525,
    "基隆市中正區": 0.6738685534997236,
    "屏東縣內埔鄉": 0.6704078562193981,
    "宜蘭縣員山鄉": 0.6688207224501215,
    "宜蘭縣冬山鄉": 0.6577282382066238,
    "台中市神岡區": 0.6471097876952331,
    "桃園市楊梅區": 0.6450086797678442,
    "彰化縣彰化市": 0.6446199518056073,
    "高雄市小港區": 0.6398398270540123,
    "高雄市岡山區": 0.6276397524861836,
    "金門縣金沙鎮": 0.6250470292574577,
    "台中市中區": 0.6017422092827241,
    "嘉義市嘉義市": 0.5956879141611081,
    "屏東縣屏東市": 0.5804034413856333,
    "基隆市中山區": 0.5668622050739383,
    "台中市霧峰區": 0.5123909243451454,
    "屏東縣潮州鎮": 0.5123909243451454,
    "台南市新營區": 0.5053254165701389,
    "嘉義縣民雄鄉": 0.48392634197060885,
    "新北市瑞芳區": 0.48392634197060885,
    "雲林縣虎尾鎮": 0.48392634197060885,
    "雲林縣斗南鎮": 0.36120004381238,
    "新北市萬里區": 0.36120004381238
}