{
    "一般事務所": 1.4057481302323276,
    "商業用": 1.2946374487733912,
    "工業用": 1.1875897268753672,
    "辦公室": 1.1277312846986058,
    "店鋪": 1.0848630962009023,
    "住家用": 1.0493888028304108,
    "住商用": 1.0373650298452175,
    "其他": 1.033249823295015,
    "集合住宅": 1.0258942826154327,
    "住工用": 0.9150320937866384,
    "國民住宅": 0.7559418231332095,
    "廠房": 0.5669989561837583
}